{
  "game": "no-limit-holdem",
  "algorithm": "NFSP",
  "episodes_target": 1000000,
  "episodes_completed": 1000000,
  "total_time": 39492.97109222412,
  "speed_eps_per_sec": 25.320961486153994,
  "final_wr_vs_random": 3.944,
  "device": "cpu",
  "hidden_layers": [
    512,
    512
  ],
  "q_layers": [
    512,
    512
  ],
  "anticipatory_param": 0.1,
  "metrics": {
    "episodes": [
      10000,
      20000,
      30000,
      40000,
      50000,
      60000,
      70000,
      80000,
      90000,
      100000,
      110000,
      120000,
      130000,
      140000,
      150000,
      160000,
      170000,
      180000,
      190000,
      200000,
      210000,
      220000,
      230000,
      240000,
      250000,
      260000,
      270000,
      280000,
      290000,
      300000,
      310000,
      320000,
      330000,
      340000,
      350000,
      360000,
      370000,
      380000,
      390000,
      400000,
      410000,
      420000,
      430000,
      440000,
      450000,
      460000,
      470000,
      480000,
      490000,
      500000,
      510000,
      520000,
      530000,
      540000,
      550000,
      560000,
      570000,
      580000,
      590000,
      600000,
      610000,
      620000,
      630000,
      640000,
      650000,
      660000,
      670000,
      680000,
      690000,
      700000,
      710000,
      720000,
      730000,
      740000,
      750000,
      760000,
      770000,
      780000,
      790000,
      800000,
      810000,
      820000,
      830000,
      840000,
      850000,
      860000,
      870000,
      880000,
      890000,
      900000,
      910000,
      920000,
      930000,
      940000,
      950000,
      960000,
      970000,
      980000,
      990000,
      1000000
    ],
    "win_rates_vs_random": [
      3.705,
      4.052,
      -0.137,
      3.606,
      3.519,
      -0.11,
      4.409,
      4.998,
      5.438,
      0.156,
      5.747,
      3.488,
      3.181,
      3.072,
      2.152,
      1.322,
      2.663,
      0.584,
      1.467,
      3.659,
      1.497,
      4.447,
      2.314,
      -0.665,
      0.606,
      2.11,
      0.188,
      4.055,
      2.483,
      3.696,
      1.513,
      3.471,
      4.678,
      0.542,
      2.349,
      5.492,
      2.123,
      2.054,
      3.717,
      2.45,
      2.998,
      5.236,
      1.667,
      -0.119,
      3.848,
      5.629,
      5.999,
      3.619,
      1.337,
      2.042,
      2.711,
      6.898,
      0.622,
      2.148,
      4.109,
      5.509,
      3.651,
      2.429,
      5.414,
      1.055,
      3.576,
      3.619,
      2.67,
      4.073,
      4.225,
      2.16,
      2.862,
      3.636,
      -0.278,
      3.002,
      2.26,
      5.232,
      0.902,
      0.784,
      1.777,
      3.946,
      3.842,
      8.411,
      4.808,
      4.296,
      2.943,
      6.107,
      3.804,
      0.907,
      1.942,
      1.668,
      1.728,
      1.557,
      1.42,
      2.458,
      1.227,
      2.141,
      2.718,
      1.776,
      6.335,
      5.886,
      3.842,
      6.067,
      1.294,
      -0.406
    ],
    "win_rates_vs_self": [
      -0.301,
      -0.174,
      1.83,
      -1.701,
      0.922,
      2.72,
      -1.309,
      -1.411,
      1.591,
      0.214,
      -5.117,
      -0.983,
      -2.209,
      -1.027,
      -0.572,
      -1.447,
      -0.304,
      -3.175,
      3.549,
      3.996,
      -2.759,
      -5.46,
      2.865,
      0.065,
      -1.785,
      0.322,
      1.363,
      -0.017,
      -0.387,
      -1.445,
      -4.456,
      -0.064,
      0.929,
      2.551,
      1.138,
      -0.092,
      -3.062,
      -1.323,
      -3.195,
      3.198,
      3.556,
      4.555,
      -1.774,
      -0.068,
      -1.114,
      -1.06,
      3.307,
      0.55,
      2.212,
      -2.095,
      -0.594,
      -2.897,
      1.748,
      -1.649,
      -1.856,
      2.436,
      0.78,
      -0.677,
      1.123,
      -1.078,
      2.702,
      -1.312,
      2.89,
      0.571,
      -4.737,
      -0.441,
      0.853,
      -4.314,
      0.83,
      1.374,
      -1.621,
      -2.558,
      -0.523,
      -0.507,
      -0.878,
      -2.39,
      -3.248,
      -2.784,
      -1.412,
      -3.612,
      1.204,
      -2.384,
      1.011,
      1.08,
      -1.563,
      -0.085,
      1.169,
      -2.123,
      -0.118,
      -3.527,
      -2.465,
      -1.313,
      0.884,
      0.032,
      0.829,
      -0.704,
      -1.478,
      0.556,
      -0.477,
      1.186
    ],
    "times": [
      264.7620780467987,
      673.4095840454102,
      1101.0624420642853,
      1511.5438199043274,
      1962.240700006485,
      2374.9139738082886,
      2780.3599059581757,
      3206.5345380306244,
      3615.7843701839447,
      4020.326406955719,
      4420.859632968903,
      4805.256571054459,
      5195.352138996124,
      5595.75448012352,
      5992.760030031204,
      6386.079854011536,
      6770.633265972137,
      7159.751551866531,
      7536.439897060394,
      7923.28729891777,
      8318.413493871689,
      8719.53726887703,
      9120.22034907341,
      9507.837188005447,
      9906.278421878815,
      10321.119839191437,
      10776.501480102539,
      11195.547658205032,
      11602.23794913292,
      12002.06559920311,
      12404.066241979599,
      12811.751379013062,
      13215.283298969269,
      13636.081908941269,
      14043.243990898132,
      14463.86256814003,
      14886.3151409626,
      15320.558229923248,
      15748.509387016296,
      16162.068732976913,
      16578.232287168503,
      16980.426399230957,
      17383.400985002518,
      17801.60702395439,
      18191.543329954147,
      18593.460942029953,
      19014.66911816597,
      19439.674631118774,
      19864.59250187874,
      20303.52477312088,
      20741.717924118042,
      21180.791135072708,
      21615.788988113403,
      22054.51186299324,
      22495.392760038376,
      22921.71032309532,
      23357.16699409485,
      23777.856490135193,
      24204.062870025635,
      24648.110476970673,
      25085.560245990753,
      25526.971410036087,
      25946.17092013359,
      26371.559309005737,
      26772.66910982132,
      27134.32988500595,
      27475.877205133438,
      27832.22832798958,
      28221.797123908997,
      28634.859392881393,
      29064.06711101532,
      29493.802284002304,
      29927.813696861267,
      30360.598516225815,
      30782.907524108887,
      31202.899989128113,
      31605.807204961777,
      31960.25645518303,
      32307.633593082428,
      32658.05034303665,
      33012.27189207077,
      33362.75048518181,
      33702.98238992691,
      34053.96689200401,
      34402.64610123634,
      34751.66896700859,
      35102.59361195564,
      35430.969407081604,
      35758.213148117065,
      36105.03472495079,
      36456.68556499481,
      36800.083434820175,
      37147.3888092041,
      37488.46446299553,
      37833.735157966614,
      38165.628437042236,
      38504.51245093346,
      38834.453092098236,
      39160.21591305733,
      39486.32432818413
    ]
  },
  "interrupted": false,
  "timestamp": "2026-04-10T05:30:57.683140"
}