{
  "game": "no-limit-holdem",
  "algorithm": "NFSP",
  "episodes_target": 100000,
  "episodes_completed": 100000,
  "total_time": 3841.595217227936,
  "speed_eps_per_sec": 26.030852899738665,
  "final_wr_vs_random": 3.959,
  "device": "cpu",
  "hidden_layers": [
    512,
    512
  ],
  "q_layers": [
    512,
    512
  ],
  "anticipatory_param": 0.1,
  "metrics": {
    "episodes": [
      10000,
      20000,
      30000,
      40000,
      50000,
      60000,
      70000,
      80000,
      90000,
      100000
    ],
    "win_rates_vs_random": [
      3.705,
      4.052,
      -0.137,
      3.606,
      3.519,
      -0.11,
      4.409,
      4.998,
      5.438,
      0.156
    ],
    "win_rates_vs_self": [
      -0.301,
      -0.174,
      1.83,
      -1.701,
      0.922,
      2.72,
      -1.309,
      -1.411,
      1.591,
      0.214
    ],
    "times": [
      245.0444700717926,
      590.4465999603271,
      998.5224409103394,
      1414.489023923874,
      1833.2773039340973,
      2240.8454048633575,
      2652.0351140499115,
      3053.2690391540527,
      3452.67231297493,
      3840.3012189865112
    ]
  },
  "interrupted": false,
  "timestamp": "2026-04-09T18:23:00.603462"
}